table with row headers in column A and column headers in rows 3 through 4. (leading dots indicate sub-parts),,,,,,,,,,,,,,,,,,
"Annual Estimates of the Resident Population for Selected Age Groups by Sex for the United States: April 1, 2020 to July 1, 2024",,,,,,,,,,,,,,,,,,
Age,"April 1, 2020 Estimates Base",,,Population Estimate (as of July 1),,,,,,,,,,,,,,
,,,,2020,,,2021,,,2022,,,2023,,,2024,,
,Both Sexes,Male,Female,Both Sexes,Male,Female,Both Sexes,Male,Female,Both Sexes,Male,Female,Both Sexes,Male,Female,Both Sexes,Male,Female
Total,"331,515,736","164,221,426","167,294,310","331,577,720","164,243,648","167,334,072","332,099,760","164,443,697","167,656,063","334,017,321","165,335,932","168,681,389","336,806,231","166,706,095","170,100,136","340,110,988","168,337,882","171,773,106"
.Under 5 years,"19,402,780","9,919,936","9,482,844","19,294,289","9,863,371","9,430,918","18,852,206","9,638,924","9,213,282","18,710,954","9,561,484","9,149,470","18,632,397","9,518,688","9,113,709","18,599,314","9,501,043","9,098,271"
.5 to 9 years,"20,369,161","10,424,367","9,944,794","20,347,781","10,412,874","9,934,907","20,310,298","10,385,783","9,924,515","20,308,817","10,384,438","9,924,379","20,284,053","10,371,140","9,912,913","20,197,672","10,319,642","9,878,030"
.10 to 14 years,"21,752,139","11,137,536","10,614,603","21,697,125","11,110,579","10,586,546","21,467,309","10,998,343","10,468,966","21,196,255","10,858,115","10,338,140","20,943,661","10,723,279","10,220,382","20,901,154","10,701,148","10,200,006"
.15 to 19 years,"21,563,394","11,019,080","10,544,314","21,547,434","11,011,250","10,536,184","21,583,031","11,032,075","10,550,956","21,897,394","11,201,441","10,695,953","22,228,073","11,379,103","10,848,970","22,375,825","11,461,769","10,914,056"
.20 to 24 years,"21,478,372","10,952,361","10,526,011","21,479,997","10,951,879","10,528,118","21,550,515","10,986,668","10,563,847","21,746,610","11,090,066","10,656,544","22,043,447","11,249,749","10,793,698","22,421,936","11,451,815","10,970,121"
.25 to 29 years,"22,892,307","11,620,204","11,272,103","22,805,104","11,580,586","11,224,518","22,409,411","11,386,632","11,022,779","22,252,820","11,299,481","10,953,339","22,278,222","11,304,143","10,974,079","22,459,876","11,390,736","11,069,140"
.30 to 34 years,"22,824,358","11,550,753","11,273,605","22,878,453","11,573,651","11,304,802","23,117,775","11,681,024","11,436,751","23,471,714","11,852,898","11,618,816","23,770,395","12,009,251","11,761,144","23,993,988","12,127,715","11,866,273"
.35 to 39 years,"22,213,878","11,216,708","10,997,170","22,236,095","11,228,127","11,007,968","22,314,226","11,271,318","11,042,908","22,441,817","11,337,479","11,104,338","22,697,636","11,465,154","11,232,482","23,170,072","11,702,213","11,467,859"
.40 to 44 years,"20,571,688","10,316,966","10,254,722","20,673,585","10,370,561","10,303,024","21,113,321","10,597,422","10,515,899","21,554,385","10,827,504","10,726,881","22,015,321","11,066,810","10,948,511","22,369,152","11,253,735","11,115,417"
.45 to 49 years,"20,438,458","10,222,863","10,215,595","20,320,470","10,159,468","10,161,002","19,790,750","9,880,380","9,910,370","19,701,444","9,826,556","9,874,888","19,906,918","9,932,362","9,974,556","20,294,049","10,129,805","10,164,244"
.50 to 54 years,"20,770,314","10,363,837","10,406,477","20,781,162","10,370,613","10,410,549","20,908,074","10,436,367","10,471,707","20,885,616","10,418,054","10,467,562","20,738,630","10,331,257","10,407,373","20,486,307","10,192,640","10,293,667"
.55 to 59 years,"22,098,720","10,889,436","11,209,284","22,029,536","10,855,282","11,174,254","21,569,288","10,630,482","10,938,806","21,078,243","10,387,713","10,690,530","20,654,912","10,188,050","10,466,862","20,359,928","10,051,985","10,307,943"
.60 to 64 years,"20,984,148","10,203,907","10,780,241","21,027,118","10,225,137","10,801,981","21,221,292","10,323,993","10,897,299","21,266,215","10,344,609","10,921,606","21,285,859","10,353,638","10,932,221","21,301,797","10,363,023","10,938,774"
.65 to 69 years,"17,886,973","8,501,094","9,385,879","17,996,516","8,553,891","9,442,625","18,373,819","8,736,147","9,637,672","18,779,450","8,934,330","9,845,120","19,181,126","9,138,341","10,042,785","19,489,471","9,297,585","10,191,886"
.70 to 74 years,"14,437,383","6,746,818","7,690,565","14,574,012","6,807,350","7,766,662","15,251,000","7,103,881","8,147,119","15,225,260","7,066,013","8,159,247","15,535,630","7,204,482","8,331,148","15,955,491","7,402,084","8,553,407"
.75 to 79 years,"9,614,116","4,339,102","5,275,014","9,660,846","4,358,651","5,302,195","9,895,801","4,461,789","5,434,012","10,845,692","4,911,106","5,934,586","11,380,104","5,158,922","6,221,182","11,993,326","5,435,868","6,557,458"
.80 to 84 years,"6,136,018","2,618,239","3,517,779","6,160,332","2,629,908","3,530,424","6,302,594","2,688,870","3,613,724","6,550,388","2,797,365","3,753,023","6,975,294","2,991,466","3,983,828","7,306,487","3,141,063","4,165,424"
.85 years and over,"6,081,529","2,178,219","3,903,310","6,067,865","2,180,470","3,887,395","6,069,050","2,203,599","3,865,451","6,104,247","2,237,280","3,866,967","6,254,553","2,320,260","3,934,293","6,435,143","2,414,013","4,021,130"
,,,,,,,,,,,,,,,,,,
.Under 18 years,"74,426,142","38,077,063","36,349,079","74,266,771","37,995,364","36,271,407","73,639,384","37,675,819","35,963,565","73,403,188","37,553,561","35,849,627","73,268,415","37,480,380","35,788,035","73,132,720","37,405,255","35,727,465"
.Under 5 years,"19,402,780","9,919,936","9,482,844","19,294,289","9,863,371","9,430,918","18,852,206","9,638,924","9,213,282","18,710,954","9,561,484","9,149,470","18,632,397","9,518,688","9,113,709","18,599,314","9,501,043","9,098,271"
.5 to 13 years,"37,789,090","19,345,818","18,443,272","37,690,025","19,295,300","18,394,725","37,340,800","19,111,133","18,229,667","37,038,681","18,954,921","18,083,760","36,898,025","18,877,813","18,020,212","36,826,392","18,832,853","17,993,539"
.14 to 17 years,"17,234,272","8,811,309","8,422,963","17,282,457","8,836,693","8,445,764","17,446,378","8,925,762","8,520,616","17,653,553","9,037,156","8,616,397","17,737,993","9,083,879","8,654,114","17,707,014","9,071,359","8,635,655"
.18 to 64 years,"202,933,575","101,760,891","101,172,684","202,851,378","101,718,014","101,133,364","202,568,112","101,573,592","100,994,520","203,109,096","101,836,277","101,272,819","204,211,109","102,412,244","101,798,865","205,798,350","103,242,014","102,556,336"
.18 to 24 years,"30,139,704","15,376,217","14,763,487","30,099,855","15,354,589","14,745,266","30,123,975","15,365,974","14,758,001","30,456,842","15,541,983","14,914,859","30,863,216","15,761,579","15,101,637","31,363,181","16,030,162","15,333,019"
.25 to 44 years,"88,502,231","44,704,631","43,797,600","88,593,237","44,752,925","43,840,312","88,954,733","44,936,396","44,018,337","89,720,736","45,317,362","44,403,374","90,761,574","45,845,358","44,916,216","91,993,088","46,474,399","45,518,689"
.45 to 64 years,"84,291,640","41,680,043","42,611,597","84,158,286","41,610,500","42,547,786","83,489,404","41,271,222","42,218,182","82,931,518","40,976,932","41,954,586","82,586,319","40,805,307","41,781,012","82,442,081","40,737,453","41,704,628"
.65 years and over,"54,156,019","24,383,472","29,772,547","54,459,571","24,530,270","29,929,301","55,892,264","25,194,286","30,697,978","57,505,037","25,946,094","31,558,943","59,326,707","26,813,471","32,513,236","61,179,918","27,690,613","33,489,305"
,,,,,,,,,,,,,,,,,,
.16 years and over,"265,696,036","130,542,573","135,153,463","265,929,940","130,653,226","135,276,714","267,110,424","131,190,263","135,920,161","269,342,947","132,247,900","137,095,047","272,451,841","133,790,892","138,660,949","276,049,153","135,581,750","140,467,403"
.18 years and over,"257,089,594","126,144,363","130,945,231","257,310,949","126,248,284","131,062,665","258,460,376","126,767,878","131,692,498","260,614,133","127,782,371","132,831,762","263,537,816","129,225,715","134,312,101","266,978,268","130,932,627","136,045,641"
.15 to 44 years,"131,543,997","66,676,072","64,867,925","131,620,668","66,716,054","64,904,614","132,088,279","66,955,139","65,133,140","133,364,740","67,608,869","65,755,871","135,033,094","68,474,210","66,558,884","136,790,849","69,387,983","67,402,866"
,,,,,,,,,,,,,,,,,,
Median age (years),38.5,37.4,39.5,38.5,37.5,39.6,38.8,37.7,39.8,38.9,37.8,40.0,39.0,37.9,40.1,39.1,38.1,40.2
"The Census Bureau has reviewed this data product to ensure appropriate access, use, and disclosure avoidance protection of the confidential source data used to produce this product (Data Management System (DMS) number: P-6000042 and P-7501659. Disclosure Review Board (DRB) approval number: CBDRB-FY25-0078).",,,,,,,,,,,,,,,,,,
"Notes: The estimates are developed from a base that integrates the 2020 Census, Vintage 2020 estimates, and 2020 Demographic Analysis estimates. For population estimates methodology statements, see https://www.census.gov/programs-surveys/popest/technical-documentation/methodology.html. Median age is calculated based on single year of age. All geographic boundaries for the 2024 population estimates series are as of January 1, 2024.",,,,,,,,,,,,,,,,,,
Suggested Citation:,,,,,,,,,,,,,,,,,,
"Annual Estimates of the Resident Population for Selected Age Groups by Sex for the United States: April 1, 2020 to July 1, 2024 (NC-EST2024-AGESEX)",,,,,,,,,,,,,,,,,,
"Source: U.S. Census Bureau, Population Division",,,,,,,,,,,,,,,,,,
Release Date: June 2025,,,,,,,,,,,,,,,,,,
